{"fname": "cosmos_N419", "selection": 3, "N_LAE": 2377, "N_RAN": 839948, "area": 8.898951016772063, "chi0": 3941.0, "f_int": 0.0276, "f_samp": 0.0258, "R": [0.50186, 0.74213, 1.09743, 1.62284, 2.39978, 3.54869, 5.24766, 7.76001, 11.47518, 16.96901], "wR": [0.46483, 0.68145, 0.26402, 0.31497, 0.21418, 0.16902, 0.13163, 0.10666, 0.10068, 0.047368], "werr": [0.19292, 0.131023, 0.0983489, 0.0660204, 0.0531599, 0.0399321, 0.0316083, 0.0267791, 0.0217119, 0.0186913], "cov": [[0.0372181264, 0.0010161336778320002, 0.0034607608893312005, 0.0016213762538064003, 0.0016408972652800001, 0.0006216886490723999, 0.0012189648598764, 0.0008627594033240001, 0.0004950995822136, 0.00021851909111760004], [0.001016133677832, 0.017167026529, 0.00065202997698982, 0.0029462550100495207, 0.0015002975270365802, 0.00123109513856199, 0.0006796060851366899, 0.00070313907506772, 0.00056866717891263, 0.0004849000595802], [0.0034607608893312, 0.00065202997698982, 0.00967250613121, 0.0015583280922144003, 0.0015930379298718172, 0.0010752887464331219, 0.001195272670542015, 0.000912311957695736, 0.00078367032386097, 0.000478501367226571], [0.0016213762538064003, 0.0029462550100495207, 0.0015583280922144, 0.004358693216160001, 0.0012954073348494363, 0.0009857249890286761, 0.000798824210847696, 0.000621970753182552, 0.000523774709136504, 0.00035440683984374406], [0.0016408972652800001, 0.00150029752703658, 0.0015930379298718174, 0.001295407334849436, 0.0028259749680100005, 0.001096206919056756, 0.0008850108851784389, 0.0007315748215104511, 0.000574446550809537, 0.00040818223404779605], [0.0006216886490723999, 0.00123109513856199, 0.0010752887464331219, 0.0009857249890286761, 0.001096206919056756, 0.00159457261041, 0.0008147409315955649, 0.0006609625766198909, 0.000491329898519733, 0.00036236887888441496], [0.0012189648598764, 0.00067960608513669, 0.0011952726705420152, 0.000798824210847696, 0.000885010885178439, 0.0008147409315955648, 0.0009990846288899999, 0.000598857592269975, 0.00046858942266015595, 0.00035507093089179], [0.000862759403324, 0.00070313907506772, 0.000912311957695736, 0.000621970753182552, 0.0007315748215104511, 0.0006609625766198909, 0.000598857592269975, 0.00071712019681, 0.00045124405215516897, 0.000334608444238355], [0.0004950995822136001, 0.0005686671789126301, 0.00078367032386097, 0.000523774709136504, 0.0005744465508095369, 0.000491329898519733, 0.00046858942266015595, 0.000451244052155169, 0.00047140660160999994, 0.00031885563117447894], [0.00021851909111760004, 0.00048490005958020006, 0.000478501367226571, 0.00035440683984374406, 0.00040818223404779605, 0.000362368878884415, 0.00035507093089179, 0.000334608444238355, 0.000318855631174479, 0.00034936469569000003]]}