{"fname": "cosmos_N501", "selection": 3, "N_LAE": 1956, "N_RAN": 852080, "area": 9.343340199646017, "chi0": 4448.0, "f_int": 0.08, "f_samp": 0.0218, "R": [0.56642, 0.8376, 1.23861, 1.83161, 2.70851, 4.00522, 5.92276, 8.75832, 12.95144, 19.15203], "wR": [0.41221, 0.49894, 0.48465, 0.37139, 0.30011, 0.22048, 0.15085, 0.095869, 0.091317, 0.059752], "werr": [0.23056, 0.163089, 0.106804, 0.0856093, 0.0580079, 0.0464179, 0.037852, 0.0325775, 0.0258278, 0.0219305], "cov": [[0.053157913599999995, 0.0036849763843200003, 0.0022630127090559997, 0.0042200015484703994, 0.002193385433536, 0.0015250508209199997, 0.0008037711707519999, 0.00057009009156, 0.0003519320822688, 0.00011932858748799999], [0.0036849763843200003, 0.026598021921000005, 0.0024647258941739997, 0.00282589566984648, 0.00133203141675648, 0.0016230613626806402, 0.0013284822869856002, 0.0010982036932132501, 0.0005227377522082201, 0.00034979376015810003], [0.0022630127090559997, 0.0024647258941739997, 0.011407094416, 0.0021761329311736, 0.0018239480612710398, 0.00152397158617784, 0.0013098493825919998, 0.001093229776802, 0.0006082519734396, 0.000416923191716], [0.0042200015484703994, 0.00282589566984648, 0.0021761329311736, 0.00732895224649, 0.001645737607443958, 0.0014103030135042029, 0.00124466960618476, 0.0010525448127610502, 0.000628173475493214, 0.00040703219059132], [0.002193385433536, 0.0013320314167564803, 0.00182394806127104, 0.0016457376074439577, 0.00336491646241, 0.001248830153273958, 0.0011248648102788398, 0.00101026161285885, 0.000705210478129134, 0.00046471356427203503], [0.0015250508209199997, 0.00162306136268064, 0.00152397158617784, 0.0014103030135042029, 0.001248830153273958, 0.00215462144041, 0.0011146473665475198, 0.0009089708794009749, 0.00066117803904743, 0.00042428896067996], [0.0008037711707519999, 0.0013284822869856, 0.0013098493825919998, 0.00124466960618476, 0.0011248648102788398, 0.0011146473665475198, 0.0014327739039999997, 0.000906839043962, 0.0006203087004132, 0.00041655084691479997], [0.00057009009156, 0.0010982036932132501, 0.001093229776802, 0.0010525448127610502, 0.00101026161285885, 0.0009089708794009749, 0.000906839043962, 0.00106129350625, 0.0006645417910241, 0.000493321416419375], [0.0003519320822688, 0.0005227377522082201, 0.0006082519734396001, 0.0006281734754932141, 0.0007052104781291341, 0.00066117803904743, 0.0006203087004132, 0.0006645417910241, 0.0006670752528400001, 0.00045562548721876], [0.00011932858748799999, 0.0003497937601581, 0.00041692319171599993, 0.00040703219059132, 0.000464713564272035, 0.00042428896067995994, 0.00041655084691479997, 0.000493321416419375, 0.00045562548721876005, 0.00048094683024999993]]}