{"fname": "cosmos_N419", "selection": 3, "N_LAE": 2377, "N_RAN": 839948, "area": 8.898951016772063, "chi0": 3941.0, "f_int": 0.0276, "f_samp": 0.0258, "R": [0.50186, 0.74213, 1.09743, 1.62284, 2.39978, 3.54869, 5.24766, 7.76001, 11.47518, 16.96901], "wR": [0.46483, 0.68145, 0.26402, 0.31497, 0.21418, 0.16902, 0.13163, 0.10666, 0.10068, 0.047368], "werr": [0.199933, 0.135897, 0.0969174, 0.0664075, 0.051937, 0.0395716, 0.0316325, 0.0262782, 0.0215889, 0.0184129], "cov": [[0.039973204489, 0.0007009936084457999, 0.00303831148856256, 0.001184312922217, 0.0011951892174371, 0.0007492350261551601, 0.0009018566767685, 0.000577926729666, 0.00044242418822925, 0.00014283623782516], [0.0007009936084457999, 0.018467994608999998, 0.0008982474625119599, 0.0015937408328564997, 0.0015019599536591998, 0.00120889835582496, 0.0008576029895737499, 0.0007427947374432, 0.0005700503082231899, 0.00044515167530426994], [0.00303831148856256, 0.0008982474625119599, 0.00939298242276, 0.00137023339300245, 0.00137870276714082, 0.0010619603966190959, 0.0008234576714673, 0.0006845838237987841, 0.000596944618222158, 0.00034941105123526803], [0.001184312922217, 0.0015937408328564997, 0.0013702333930024498, 0.004409956056249999, 0.0011129943418842498, 0.0008992506214393998, 0.000771563325029375, 0.0006338092665528, 0.000518843318895825, 0.00033136651197925], [0.0011951892174371, 0.0015019599536591998, 0.00137870276714082, 0.0011129943418842496, 0.0026974519689999996, 0.0009616422055266798, 0.00079335503494225, 0.0006496499757384, 0.00051365044254933, 0.0003785078096133399], [0.00074923502615516, 0.00120889835582496, 0.0010619603966190959, 0.0008992506214393999, 0.00096164220552668, 0.00156591152656, 0.0007569324007939, 0.000624858134849208, 0.00046388887217532006, 0.000338301940303052], [0.0009018566767685, 0.00085760298957375, 0.0008234576714673, 0.000771563325029375, 0.00079335503494225, 0.0007569324007939, 0.0010006150562500002, 0.0005863603369221, 0.000463355031571125, 0.00034189583677975003], [0.000577926729666, 0.0007427947374431999, 0.000684583823798784, 0.0006338092665528, 0.0006496499757384, 0.000624858134849208, 0.0005863603369221001, 0.0006905437952400001, 0.000430707394359216, 0.000313926985264464], [0.00044242418822924997, 0.0005700503082231899, 0.0005969446182221581, 0.000518843318895825, 0.00051365044254933, 0.00046388887217532006, 0.00046335503157112504, 0.000430707394359216, 0.00046608060321, 0.000313877257177176], [0.00014283623782516, 0.00044515167530427, 0.000349411051235268, 0.00033136651197925, 0.00037850780961333995, 0.000338301940303052, 0.00034189583677975, 0.000313926985264464, 0.000313877257177176, 0.00033903488641]]}