{"fname": "cosmos_N501", "selection": 3, "N_LAE": 1956, "N_RAN": 852080, "area": 9.343340199646017, "chi0": 4448.0, "f_int": 0.08, "f_samp": 0.0201, "R": [0.56642, 0.8376, 1.23861, 1.83161, 2.70851, 4.00522, 5.92276, 8.75832, 12.95144, 19.15203], "wR": [0.41221, 0.49894, 0.48465, 0.37139, 0.30011, 0.22048, 0.15085, 0.095869, 0.091317, 0.059752], "werr": [0.271349, 0.176586, 0.122281, 0.0872726, 0.0615437, 0.0470361, 0.0389971, 0.0314917, 0.0257976, 0.0206916], "cov": [[0.07363027980100001, 0.0029276941488054, 0.0030625903384686997, 0.0017784680885787401, 0.00242314409258363, 0.00160433407645173, 0.0016200772678574902, 0.0006622562010057499, 0.00057821263469424, 0.00039527100577536005], [0.0029276941488054, 0.031182615395999997, 0.0024702520889904, 0.0018986499031315202, 0.0020355306628758595, 0.00144190714859856, 0.00121750524802608, 0.0008102367290843399, 0.00062455836362256, 0.00041251931248104], [0.0030625903384686997, 0.0024702520889904, 0.014952642961, 0.00214396076284054, 0.00138998297069059, 0.00145170922725084, 0.0012536660928427902, 0.0010096893480509399, 0.00070220423807856, 0.0003997699472568], [0.0017784680885787401, 0.0018986499031315202, 0.00214396076284054, 0.007616506710760001, 0.0015033649316623379, 0.0012438037104805799, 0.0009675804533794781, 0.000889370117109112, 0.000566683326603792, 0.00036982983273676806], [0.00242314409258363, 0.00203553066287586, 0.00138998297069059, 0.0015033649316623379, 0.00378762700969, 0.0012936752279610329, 0.00104641125894572, 0.0008213734494635019, 0.000589505493076056, 0.000395275038154368], [0.00160433407645173, 0.0014419071485985598, 0.00145170922725084, 0.00124380371048058, 0.0012936752279610329, 0.0022123947032099997, 0.000988855763121621, 0.0008367562892840129, 0.0006302495654511839, 0.000408668584822524], [0.0016200772678574902, 0.0012175052480260802, 0.0012536660928427902, 0.0009675804533794781, 0.00104641125894572, 0.000988855763121621, 0.00152077380841, 0.0008186414437150619, 0.000608548506952104, 0.000395064308278656], [0.00066225620100575, 0.0008102367290843399, 0.0010096893480509399, 0.000889370117109112, 0.000821373449463502, 0.0008367562892840129, 0.0008186414437150619, 0.0009917271688899998, 0.0006141821716195199, 0.000416511451293024], [0.0005782126346942401, 0.00062455836362256, 0.0007022042380785599, 0.000566683326603792, 0.000589505493076056, 0.000630249565451184, 0.000608548506952104, 0.00061418217161952, 0.00066551616576, 0.000416412403086816], [0.00039527100577536005, 0.00041251931248104004, 0.0003997699472568, 0.00036982983273676806, 0.00039527503815436806, 0.00040866858482252396, 0.000395064308278656, 0.00041651145129302394, 0.000416412403086816, 0.00042814231056000003]]}