{"fname": "cosmos_N501", "selection": 3, "N_LAE": 1956, "N_RAN": 852080, "area": 9.343340199646017, "chi0": 4448.0, "f_int": 0.08, "f_samp": 0.0201, "R": [0.56642, 0.8376, 1.23861, 1.83161, 2.70851, 4.00522, 5.92276, 8.75832, 12.95144, 19.15203], "wR": [0.41221, 0.49894, 0.48465, 0.37139, 0.30011, 0.22048, 0.15085, 0.095869, 0.091317, 0.059752], "werr": [0.256873, 0.170732, 0.11595, 0.0883125, 0.0594121, 0.047234, 0.0385959, 0.0332032, 0.026414, 0.0219172], "cov": [[0.065983738129, 0.0040084787106904, 0.00149517810237, 0.0037248928966125004, 0.00176879212970647, 0.0009937041071958, 0.0007971052675042801, 0.00043924378807040003, 0.00033721665807340007, 5.010643854884e-05], [0.0040084787106904, 0.029149415823999998, 0.0027121034298, 0.002757724087275, 0.00168281439042948, 0.0016023873957255997, 0.00142400287846068, 0.00102436096775168, 0.0005208720880440001, 0.00037269995208384], [0.00149517810237, 0.0027121034298, 0.013444402499999999, 0.0023950972603125, 0.0017421858644355, 0.0013702909314599998, 0.0013443484593420002, 0.00109914960192, 0.00064286142267, 0.000437357616414], [0.0037248928966125004, 0.0027577240872749998, 0.0023950972603125, 0.00779909765625, 0.001567228443969375, 0.00126642265695, 0.0011657071432125002, 0.00106118402544, 0.000526720583475, 0.0003729829371075], [0.0017687921297064703, 0.00168281439042948, 0.0017421858644355002, 0.0015672284439693753, 0.00352979762641, 0.0012572094668672, 0.001121537343367749, 0.0009693709415470081, 0.00066727112623688, 0.0004622621417326], [0.0009937041071958002, 0.0016023873957256, 0.0013702909314599998, 0.00126642265695, 0.0012572094668672, 0.0022310507559999996, 0.00107759819956866, 0.0008892374109695999, 0.0006563828126636, 0.00042310137203576], [0.0007971052675042801, 0.00142400287846068, 0.001344348459342, 0.0011657071432125002, 0.001121537343367749, 0.00107759819956866, 0.0014896434968100002, 0.0008870594131983362, 0.0005874198255181201, 0.00041145259853107207], [0.00043924378807040003, 0.00102436096775168, 0.00109914960192, 0.00106118402544, 0.0009693709415470082, 0.0008892374109695999, 0.0008870594131983363, 0.0011024524902400001, 0.0006758387976908799, 0.0005014726617200641], [0.0003372166580734, 0.000520872088044, 0.0006428614226699999, 0.000526720583475, 0.0006672711262368801, 0.0006563828126636, 0.0005874198255181201, 0.0006758387976908799, 0.000697699396, 0.00045387400190720004], [5.010643854884001e-05, 0.00037269995208384, 0.00043735761641400006, 0.00037298293710750005, 0.0004622621417326, 0.00042310137203576005, 0.00041145259853107207, 0.000501472661720064, 0.00045387400190720004, 0.0004803636558400001]]}