{"fname": "cosmos_N501", "selection": 3, "thyfn": "lae_n501_c000_ph100_s.json", "ihod": 41, "r0": 3.0516637845023733, "Rs": [0.5, 0.5842589736221327, 0.6827170965159761, 0.7977671801694137, 0.9322052677504095, 1.0892985858819995, 1.2728649475109155, 1.487365535584635, 1.7380133224432253, 2.0308997598245435, 2.3731428184090473, 2.7730599746848115, 3.240370349203931, 3.786430908762961, 4.424512472889936, 5.170122232377996, 6.041380617980275, 7.059461678243603, 8.249107668910776, 9.639230359872549, 11.263613673132872, 13.16173472788167, 15.379723246397852, 17.971482637065726, 21.0], "wR": [0.6863914620042614, 0.6365586943045882, 0.5893021748598071, 0.5450583506141873, 0.5043201329667333, 0.4667944255911337, 0.4315327058181567, 0.39809454537025496, 0.3667246106722064, 0.336842965875219, 0.30813479493976925, 0.281081226366769, 0.2553903922211142, 0.23060413098847415, 0.2070457983330306, 0.18476429084046753, 0.1635297117847351, 0.14342829259743395, 0.12452800793606891, 0.10677835597771662, 0.09029315570579491, 0.07527711468437577, 0.06188852408004569, 0.05006492651745523, 0.03972147618371642], "ss": [0.4492623246702933, 0.5721369546523264, 0.7286181745132277, 0.9278974901273312, 1.1816803125447837, 1.5048735188025137, 1.9164610627353869, 2.440619068041981, 3.108135902739476, 3.9582206483572255, 5.040806191026695, 6.41948221508036, 8.175230379436504, 10.411181076233401, 13.258671177605601, 16.88495859486754, 21.503046793402575, 27.384196342643627, 34.87385841352186, 44.4119661365589], "kk": [0.005, 0.015, 0.025, 0.035, 0.045, 0.055, 0.065, 0.07500000000000001, 0.08499999999999999, 0.095, 0.10500000000000001, 0.11499999999999999, 0.125, 0.135, 0.14500000000000002, 0.155, 0.165, 0.175, 0.185, 0.195, 0.20500000000000002, 0.215, 0.225, 0.235, 0.245, 0.255, 0.265, 0.275, 0.28500000000000003, 0.295, 0.305, 0.315, 0.325, 0.335, 0.34500000000000003, 0.355, 0.365, 0.375, 0.385, 0.395, 0.405, 0.41500000000000004, 0.425, 0.435, 0.445, 0.455, 0.465, 0.475, 0.485, 0.495], "hod": [11.0, 12.301029995663981, 0.66, 1.0, 0.33], "wp": [28.22528243102209, 25.017206708908628, 22.180189802153453, 19.74084921326882, 17.54755781541809, 15.599581495888646, 13.738221830132956, 12.0749469986871, 10.433072046652674, 8.948624721218486, 7.519525921531115, 6.277756482576225, 5.115794860962069, 4.045609450426685, 3.1019540981965115, 2.275170783054983, 1.6198018931254214, 1.1107321127288898, 0.7544043899035879, 0.4654958465309016], "xi0": [11.269621897885619, 9.054832467401358, 7.016243205585772, 5.331568027875122, 3.993979676727237, 2.9512756608282835, 2.1662554476725946, 1.5697724860003441, 1.1285032637530792, 0.801309056240839, 0.5626756899388825, 0.39019480333248896, 0.266750117328661, 0.1784152866923652, 0.11562214265730264, 0.07282137929227799, 0.04399129350157327, 0.025270963449092694, 0.013958097479352241, 0.006897737259736122], "xi2": [3.086508081382913, 2.473008117514841, 1.6250465761344657, 0.8342298569437379, 0.17809415012729618, -0.2068739081128479, -0.39621494979305827, -0.44386795773074467, -0.4194572128400276, -0.35420407163989154, -0.28002637472614333, -0.21035633115254782, -0.15234135522249687, -0.10790020354494577, -0.07515739639421118, -0.05198060349071331, -0.034638801626027206, -0.023012014918136828, -0.01586519248903005, -0.010793135096189298], "xi4": [1.1684774106456122, 1.5042175194339957, 1.2526018472486806, 0.8614885251422228, 0.5148138902314063, 0.26102457796925904, 0.1194240225395097, 0.05857908346484818, 0.041038761100166854, 0.034063873906801906, 0.028625833741873143, 0.022616554729478634, 0.016026821348460805, 0.01086120789973544, 0.00713665245188018, 0.004949628132296576, 0.004155350770265148, 0.001607079800213215, 0.0009218919757811978, 0.0011462028721118825], "pk0": [7280.70361328125, 12967.880859375, 12028.8291015625, 10514.8232421875, 7930.89013671875, 6807.68505859375, 6214.96044921875, 5065.58984375, 4202.56298828125, 3333.376953125, 2905.974365234375, 2574.588623046875, 2454.86572265625, 2209.996826171875, 2076.0263671875, 1727.67724609375, 1537.5789794921875, 1427.8804931640625, 1318.1710205078125, 1264.2578125, 1145.466796875, 1053.105224609375, 964.2136840820312, 895.4378662109375, 851.5414428710938, 786.9503173828125, 757.3091430664062, 704.2770385742188, 660.7946166992188, 625.474365234375, 590.000732421875, 556.0935668945312, 537.3773193359375, 508.60552978515625, 481.2666320800781, 463.5329284667969, 444.41973876953125, 422.6660461425781, 407.74591064453125, 388.72137451171875, 371.6036376953125, 360.3479309082031, 347.0981140136719, 332.3018798828125, 319.867431640625, 310.3338623046875, 298.0333251953125, 287.4197692871094, 277.6440124511719, 267.3348693847656], "pk2": [2531.68212890625, 11404.841796875, 8326.89453125, 7319.96728515625, 4206.3388671875, 4484.8330078125, 2980.48486328125, 2900.267578125, 2268.5263671875, 1841.6800537109375, 1486.396240234375, 1280.7889404296875, 1186.9368896484375, 1213.377197265625, 1091.1884765625, 970.544677734375, 790.5005493164062, 708.7678833007812, 739.778076171875, 651.1774291992188, 667.2461547851562, 563.6889038085938, 551.6435546875, 512.0892333984375, 498.6100769042969, 414.6611633300781, 425.5560607910156, 403.5804138183594, 362.2889404296875, 359.4275817871094, 327.8387145996094, 319.2608642578125, 311.2857360839844, 299.9549560546875, 269.6457824707031, 255.14964294433594, 249.5023956298828, 234.70603942871094, 232.87413024902344, 216.721435546875, 200.50027465820312, 202.59475708007812, 191.4722137451172, 184.64283752441406, 175.36216735839844, 175.62013244628906, 165.41876220703125, 150.8405303955078, 151.40220642089844, 145.27291870117188]}