{"fname": "cosmos_N419", "selection": 3, "thyfn": "lae_n419_c000_ph100_s.json", "ihod": 34, "r0": 3.019384385022948, "Rs": [0.5, 0.5842589736221327, 0.6827170965159761, 0.7977671801694137, 0.9322052677504095, 1.0892985858819995, 1.2728649475109155, 1.487365535584635, 1.7380133224432253, 2.0308997598245435, 2.3731428184090473, 2.7730599746848115, 3.240370349203931, 3.786430908762961, 4.424512472889936, 5.170122232377996, 6.041380617980275, 7.059461678243603, 8.249107668910776, 9.639230359872549, 11.263613673132872, 13.16173472788167, 15.379723246397852, 17.971482637065726, 21.0], "wR": [0.508297998151446, 0.47236937245856936, 0.43873771596752287, 0.4071911771901085, 0.37750671757579707, 0.34978622910123003, 0.32370587623442326, 0.29903735315822016, 0.27582856511615467, 0.2540000019956507, 0.23322036029112178, 0.21321881376077945, 0.19411921734806528, 0.17612559586136833, 0.1590220344055034, 0.1425450936316366, 0.12680215798461444, 0.11198626731416368, 0.0980413327765193, 0.08487322892181459, 0.07254809929867476, 0.06115923078496766, 0.05086068552149539, 0.04169428421594948, 0.0336200637089412], "ss": [0.4492623246702933, 0.5721369546523264, 0.7286181745132277, 0.9278974901273312, 1.1816803125447837, 1.5048735188025137, 1.9164610627353869, 2.440619068041981, 3.108135902739476, 3.9582206483572255, 5.040806191026695, 6.41948221508036, 8.175230379436504, 10.411181076233401, 13.258671177605601, 16.88495859486754, 21.503046793402575, 27.384196342643627, 34.87385841352186, 44.4119661365589], "kk": [0.005, 0.015, 0.025, 0.035, 0.045, 0.055, 0.065, 0.07500000000000001, 0.08499999999999999, 0.095, 0.10500000000000001, 0.11499999999999999, 0.125, 0.135, 0.14500000000000002, 0.155, 0.165, 0.175, 0.185, 0.195, 0.20500000000000002, 0.215, 0.225, 0.235, 0.245, 0.255, 0.265, 0.275, 0.28500000000000003, 0.295, 0.305, 0.315, 0.325, 0.335, 0.34500000000000003, 0.355, 0.365, 0.375, 0.385, 0.395, 0.405, 0.41500000000000004, 0.425, 0.435, 0.445, 0.455, 0.465, 0.475, 0.485, 0.495], "hod": [11.1, 11.798970004336018, 0.66, 0.333, 0.66], "wp": [27.017089181294043, 24.282322520981296, 21.476862789362688, 19.190175003634728, 17.039753481975904, 15.132435663988733, 13.395707073267737, 11.672982647547576, 10.123940236973585, 8.731834107862998, 7.3783438622302135, 6.11851355387225, 4.989928317198493, 3.9699838212640617, 3.0204408605365516, 2.239031465841352, 1.5985531825349155, 1.1023582787656094, 0.750752323640141, 0.46785771299703294], "xi0": [9.819073222981366, 7.961379713383058, 6.320913797465176, 4.900042839854905, 3.745336730130944, 2.8205571886366014, 2.097211926416966, 1.5444911782881263, 1.1222481067679138, 0.8017192923014655, 0.5669105337956073, 0.393193152839622, 0.26918181499649874, 0.18016641777001552, 0.11696278476109084, 0.07374048989388002, 0.044597433003808376, 0.02574771539218415, 0.014086870905774238, 0.007102966744749001], "xi2": [2.749503428712762, 2.3473293887601008, 1.7010950976087158, 1.0180275786034865, 0.4633828414197484, 0.06517001141107231, -0.1808995203518425, -0.30099581285330784, -0.3297161330947388, -0.31023365571625555, -0.26509891550827686, -0.2117163315740715, -0.16004560824887368, -0.116881348258223, -0.08265592171424066, -0.05737896829964329, -0.039184826239831855, -0.026327125746152123, -0.01804469859812401, -0.012318134131197703], "xi4": [1.380227097887661, 1.6812823140514404, 1.6034994950527737, 1.2216629553644425, 0.8144393980543218, 0.4711817215915205, 0.2509722243375, 0.1276020515672407, 0.06484338105655202, 0.04631224826969868, 0.029421789456695654, 0.021916765004801646, 0.016973296546146023, 0.01308325815244045, 0.00868853783136726, 0.0057787346635872795, 0.004270379944597902, 0.00240765381587478, 0.0012144846400465056, 0.0015919460522615054], "pk0": [7306.1875, 13087.73828125, 12218.8095703125, 10514.0693359375, 7975.92578125, 6861.7177734375, 6212.80224609375, 5097.5556640625, 4217.2314453125, 3346.241455078125, 2905.358642578125, 2570.0478515625, 2457.02001953125, 2214.67041015625, 2061.439453125, 1724.42724609375, 1537.553955078125, 1419.0352783203125, 1313.4013671875, 1261.444580078125, 1128.9442138671875, 1044.6881103515625, 957.9271240234375, 886.017333984375, 839.6597900390625, 782.644775390625, 748.453857421875, 696.7908935546875, 652.4636840820312, 619.9822998046875, 583.1249389648438, 548.9993896484375, 530.2554321289062, 499.8630676269531, 472.7759094238281, 454.3240966796875, 435.9361572265625, 413.8106994628906, 398.29608154296875, 378.0029296875, 362.3907165527344, 350.7133483886719, 337.8976745605469, 324.32037353515625, 310.75640869140625, 301.58721923828125, 288.4126892089844, 279.155517578125, 268.62298583984375, 258.50762939453125], "pk2": [3092.982177734375, 12730.49609375, 9139.564453125, 8107.9462890625, 4758.923828125, 4974.60888671875, 3386.111083984375, 3276.627685546875, 2590.04296875, 2057.568115234375, 1650.361083984375, 1429.0157470703125, 1335.284423828125, 1368.829345703125, 1212.1651611328125, 1085.664794921875, 870.899169921875, 772.3053588867188, 799.52978515625, 724.7832641601562, 723.6272583007812, 610.0234375, 610.1522827148438, 543.055908203125, 531.4933471679688, 461.781494140625, 456.606689453125, 430.91949462890625, 391.53668212890625, 385.32684326171875, 348.03375244140625, 334.8518981933594, 328.491455078125, 313.924072265625, 275.0025939941406, 267.86505126953125, 257.0043640136719, 238.94639587402344, 235.28024291992188, 218.64463806152344, 204.50730895996094, 201.54759216308594, 191.0297088623047, 184.84539794921875, 172.2076416015625, 174.54696655273438, 162.24708557128906, 151.02745056152344, 146.19261169433594, 141.6697235107422]}