{
  "n_s": 0.9649,
  "omega_b": 0.02237,
  "omega_cdm": 0.12,
  "omega_ncdm": 0.0006442,
  "N_ncdm": 1.0,
  "N_ur": 2.0328,
  "H0": 67.36,
  "w0": -1.0,
  "wa": 0.0,
  "w": -1.0,
  "Omega_DE": 0.684808,
  "Omega_K": 0.0,
  "Omega_M": 0.315192,
  "Omega_Smooth": 0.00142,
  "Redshift": 3.000000000000001,
  "ScaleFactor": 0.2499999999999999,
  "OmegaNow_DE": 0.032833334036531,
  "OmegaNow_K": 0.0,
  "OmegaNow_m": 0.967166665963469,
  "f_growth": 0.979288442560314,
  "fsmooth": 0.004505190487068,
  "Growth": 0.249418949689528,
  "Growth_on_a_n": 0.993940156325808,
  "SimComment": "High-res LCDM, no lightcone",
  "SimName": "AbacusSummit_high_c000_ph100",
  "SimSet": "AbacusSummit",
  "BoxSize": 1000.0,
  "NP": 250047000000,
  "BoxSizeHMpc": 1000.0,
  "HubbleTimeHGyr": 9.7782,
  "ParticleMassHMsun": 348171260.2830668,
  "in_red": true,
  "R": [
    0.5773909923447291,
    0.7699632630297459,
    1.026762513228573,
    1.3692098171321807,
    1.8258706362741886,
    2.4348376258293154,
    3.2469081578810566,
    4.329821616800326,
    5.77390992344729,
    7.699632630297458,
    10.267625132285728,
    13.692098171321804,
    18.258706362741883,
    24.348376258293154,
    32.46908157881056,
    43.29821616800326
  ],
  "k": [
    0.01121973141876238,
    0.021094080278989402,
    0.03096842913921643,
    0.04084277799944345,
    0.05071712685967047,
    0.060591475719897495,
    0.07046582458012451,
    0.08034017344035155,
    0.09021452230057855,
    0.10008887116080559,
    0.1099632200210326,
    0.11983756888125963,
    0.12971191774148666,
    0.1395862666017137,
    0.14946061546194073,
    0.15933496432216773,
    0.16920931318239477,
    0.17908366204262177,
    0.1889580109028488,
    0.19883235976307584,
    0.20870670862330284,
    0.21858105748352988,
    0.22845540634375688,
    0.23832975520398392,
    0.24820410406421095,
    0.258078452924438,
    0.26795280178466496,
    0.27782715064489205,
    0.28770149950511903,
    0.29757584836534606,
    0.3074501972255731,
    0.3173245460858001,
    0.32719889494602716,
    0.33707324380625414,
    0.3469475926664812,
    0.3568219415267082,
    0.3666962903869352,
    0.3765706392471623,
    0.38644498810738925,
    0.3963193369676163,
    0.4061936858278433,
    0.4160680346880703,
    0.4259423835482974,
    0.43581673240852437,
    0.44569108126875145,
    0.45556543012897843,
    0.4654397789892054,
    0.4753141278494325,
    0.4851884767096595,
    0.4950628255698865
  ],
  "hodkeys": [
    "logM_cut",
    "logM1",
    "sigma",
    "kappa",
    "alpha"
  ],
  "mocks": [
    {
      "hod": [
        11.5,
        12.198970004336019,
        0.66,
        0.333,
        0.33
      ],
      "nobj": 13421813,
      "fsat": 0.037800779969144216,
      "wp": [
        41.3206485993382,
        35.279557272467244,
        30.087399978061125,
        25.518051286130703,
        21.683913149650788,
        18.234641565325244,
        15.269220249140757,
        12.516193257686384,
        10.08777679477738,
        7.866216838790035,
        5.961368094363781,
        4.290402161541006,
        2.951573181553778,
        1.9387702297526523,
        1.2294962799167892,
        0.6970449737825972
      ],
      "xi0": [
        13.987820375989623,
        10.53295809328317,
        7.579049589475378,
        5.275044138735227,
        3.5773933207978414,
        2.38531874646442,
        1.5694637387805768,
        1.0186047823050703,
        0.6517154098444264,
        0.41162761209619647,
        0.25458728223548477,
        0.15165029000567345,
        0.08649538239936669,
        0.04617995626280188,
        0.02313400590924252,
        0.010319168408746335
      ],
      "xi2": [
        5.99065547718781,
        4.148976418996288,
        2.2652138957653385,
        0.8647105944675906,
        0.011951881679518328,
        -0.3583841971432771,
        -0.4462580365681454,
        -0.400606096889749,
        -0.3042622642581718,
        -0.21142225309933346,
        -0.1379111420991984,
        -0.08780213910704639,
        -0.05428242344797031,
        -0.03364109994560025,
        -0.02135122203249848,
        -0.013400590281249888
      ],
      "pk0": [
        8438.655611418753,
        15001.785467964228,
        12184.976481867656,
        11472.709748893281,
        10294.30028300019,
        9090.41408311026,
        7835.271575759636,
        6712.52870757205,
        5433.079480226176,
        4343.2068743197,
        3980.8384603385575,
        3603.998042698845,
        3433.711722191395,
        3180.422504515777,
        2803.543532006446,
        2388.757914206043,
        2215.1715479089185,
        2050.863656019907,
        1927.7092634298156,
        1827.0209122505873,
        1649.5100277138813,
        1548.7909966415136,
        1426.7914988434552,
        1332.1443798684381,
        1271.331642186331,
        1200.4698525214944,
        1145.3675906794147,
        1069.1361929378786,
        1016.780118237154,
        964.5667978983613,
        920.7396289830867,
        872.5573106471923,
        845.9916093209173,
        802.147547938672,
        769.6268052712956,
        743.3906086623623,
        717.3429245808428,
        683.8405679998793,
        662.9240401359874,
        635.7653121623466,
        611.9408319594266,
        593.680784215068,
        575.7190247184843,
        551.4546780866854,
        537.6045152246782,
        521.189372345239,
        504.46470326983626,
        489.4222904216729,
        473.97188930741316,
        458.9114618943829
      ],
      "pk2": [
        4948.506697301042,
        14632.658978843234,
        14225.831324618694,
        8196.691419561834,
        5699.066475037115,
        4194.08369902125,
        3487.0935158315356,
        3071.3108906836346,
        2338.7324199492823,
        1991.9325680177728,
        1428.6629460542188,
        1669.061874948864,
        1223.5571538290008,
        1339.14760666508,
        1137.3101132582485,
        1155.5126008843067,
        897.0678324964091,
        875.3419208734839,
        769.5140208099801,
        836.4150034805622,
        757.2098722861123,
        668.5404318817302,
        624.7988239289546,
        632.8946031525254,
        557.3013160727547,
        510.27164419016134,
        515.1043050480711,
        483.6937268142475,
        448.16262678012333,
        425.01747942081994,
        395.52675863192815,
        406.5737341522464,
        383.81756292927497,
        375.2472654433026,
        331.2448867599394,
        324.6494306195486,
        312.84244282519626,
        283.76095434688614,
        286.99027987396425,
        261.1821984033219,
        249.46646502016057,
        247.4764169872437,
        238.98668652410788,
        222.5105000010777,
        216.45112653129655,
        219.78597461789533,
        200.11229015683364,
        184.69729603615835,
        185.6663490580137,
        178.67534344985654
      ]
    },
    {
      "hod": [
        11.75,
        12.448970004336019,
        0.66,
        0.333,
        0.33
      ],
      "nobj": 8137821,
      "fsat": 0.04662746944175844,
      "wp": [
        47.4200952922718,
        40.29202462227751,
        34.087119837376946,
        28.954487962589422,
        24.408334771860513,
        20.4762282008626,
        16.972805089314086,
        13.897548197939692,
        11.172487940493742,
        8.714937107709293,
        6.5945287606888945,
        4.741834036997842,
        3.266852734043213,
        2.133217549109541,
        1.348493239066523,
        0.7559178618352504
      ],