{
  "n_s": 0.9649,
  "omega_b": 0.02237,
  "omega_cdm": 0.12,
  "omega_ncdm": 0.0006442,
  "N_ncdm": 1.0,
  "N_ur": 2.0328,
  "H0": 67.36,
  "w0": -1.0,
  "wa": 0.0,
  "w": -1.0,
  "Omega_DE": 0.684808,
  "Omega_K": 0.0,
  "Omega_M": 0.315192,
  "Omega_Smooth": 0.00142,
  "Redshift": 3.000000000000001,
  "ScaleFactor": 0.2499999999999999,
  "OmegaNow_DE": 0.032833334036531,
  "OmegaNow_K": 0.0,
  "OmegaNow_m": 0.967166665963469,
  "f_growth": 0.979288442560314,
  "fsmooth": 0.004505190487068,
  "Growth": 0.249418949689528,
  "Growth_on_a_n": 0.993940156325808,
  "SimComment": "High-res LCDM, no lightcone",
  "SimName": "AbacusSummit_high_c000_ph100",
  "SimSet": "AbacusSummit",
  "BoxSize": 1000.0,
  "NP": 250047000000,
  "BoxSizeHMpc": 1000.0,
  "HubbleTimeHGyr": 9.7782,
  "ParticleMassHMsun": 348171260.2830668,
  "in_red": true,
  "R": [
    0.5773909923447291,
    0.7699632630297459,
    1.026762513228573,
    1.3692098171321807,
    1.8258706362741886,
    2.4348376258293154,
    3.2469081578810566,
    4.329821616800326,
    5.77390992344729,
    7.699632630297458,
    10.267625132285728,
    13.692098171321804,
    18.258706362741883,
    24.348376258293154,
    32.46908157881056,
    43.29821616800326
  ],
  "k": [
    0.01121973141876238,
    0.021094080278989402,
    0.03096842913921643,
    0.04084277799944345,
    0.05071712685967047,
    0.060591475719897495,
    0.07046582458012451,
    0.08034017344035155,
    0.09021452230057855,
    0.10008887116080559,
    0.1099632200210326,
    0.11983756888125963,
    0.12971191774148666,
    0.1395862666017137,
    0.14946061546194073,
    0.15933496432216773,
    0.16920931318239477,
    0.17908366204262177,
    0.1889580109028488,
    0.19883235976307584,
    0.20870670862330284,
    0.21858105748352988,
    0.22845540634375688,
    0.23832975520398392,
    0.24820410406421095,
    0.258078452924438,
    0.26795280178466496,
    0.27782715064489205,
    0.28770149950511903,
    0.29757584836534606,
    0.3074501972255731,
    0.3173245460858001,
    0.32719889494602716,
    0.33707324380625414,
    0.3469475926664812,
    0.3568219415267082,
    0.3666962903869352,
    0.3765706392471623,
    0.38644498810738925,
    0.3963193369676163,
    0.4061936858278433,
    0.4160680346880703,
    0.4259423835482974,
    0.43581673240852437,
    0.44569108126875145,
    0.45556543012897843,
    0.4654397789892054,
    0.4753141278494325,
    0.4851884767096595,
    0.4950628255698865
  ],
  "hodkeys": [
    "logM_cut",
    "logM1",
    "sigma",
    "kappa",
    "alpha"
  ],
  "mocks": [
    {
      "hod": [
        11.5,
        12.198970004336019,
        1.0,
        0.333,
        0.33
      ],
      "nobj": 19007400,
      "fsat": 0.024308111577596048,
      "wp": [
        34.17500112083298,
        29.67350674969923,
        25.22755677474713,
        21.706845158614264,
        18.57381745277883,
        15.786095718599237,
        13.198173351729826,
        10.879964544044366,
        8.751926798650024,
        6.874476604326597,
        5.209213663742144,
        3.747823094741973,
        2.5846274939165044,
        1.7037885998681916,
        1.0786323604073973,
        0.6089815650874897
      ],
      "xi0": [
        11.982344654858624,
        8.944401226002569,
        6.385921510540717,
        4.440394142191238,
        3.0350774591732037,
        2.043868833797896,
        1.357659296403206,
        0.8885127259610575,
        0.57312891901713,
        0.36402643277540275,
        0.2255175025436545,
        0.13474449200333732,
        0.07701141740861286,
        0.0409510273235976,
        0.02061198415807618,
        0.009307164674420939
      ],
      "xi2": [
        4.442418137960832,
        2.858265519306989,
        1.3731095512909741,
        0.3253084989099886,
        -0.22220258152523056,
        -0.43430957284724936,
        -0.4486243267978346,
        -0.37563385182798337,
        -0.27709145384296163,
        -0.19248609394551033,
        -0.125609800601099,
        -0.08038129616991928,
        -0.050850560306411455,
        -0.031996802682457776,
        -0.020069409216037313,
        -0.012514033914851827
      ],
      "pk0": [
        7537.277019530047,
        13275.203849748306,
        10813.476833994702,
        10218.308018929052,
        9083.722589508114,
        8046.243336808216,
        6930.744895269143,
        5927.557606605961,
        4775.834954266828,
        3806.2531489764174,
        3492.615885608487,
        3165.7415719683727,
        3000.8055203233666,
        2773.4120052308976,
        2448.213831591865,
        2083.1547155874996,
        1922.2874043417996,
        1781.2478278307797,
        1669.374521609649,
        1582.8998128082121,
        1425.6643309319047,
        1337.2782760833554,
        1227.4878553174171,
        1143.5120017252993,
        1091.4859556268202,
        1029.1682801174875,
        981.2987161576914,
        912.6306328487535,
        866.7019735132457,
        818.1850312900751,
        780.6213203539064,
        740.4073947270001,
        714.5965226501503,
        677.1316373697271,
        648.317114930537,
        625.9456713580952,
        603.1857585881248,
        574.5398077940571,
        554.5243088242413,
        531.536871235236,
        511.44211515604235,
        496.4249443338569,
        479.8291534970598,
        459.3530156703165,
        446.52282363722526,
        432.8181797895942,
        417.6403513853392,
        405.35097769027635,
        391.82312593183036,
        378.99351920525385
      ],
      "pk2": [
        4629.309343711246,
        13511.068632341852,
        12844.968989196932,
        7624.056552100104,
        5256.850497797902,
        3979.1912499986183,
        3279.6443889291168,
        2929.5806910558777,
        2177.1601399368683,
        1836.362320696994,
        1385.6577206326572,
        1561.330754665029,
        1169.4509545519393,
        1235.3778742172958,
        1071.6814791273782,
        1076.6555743396532,
        838.676892979924,
        815.1649808385224,
        722.8812724529839,
        770.8868371776282,
        698.7473794996847,
        623.7971142589787,
        588.1720183252471,
        584.0341420512962,
        518.997500840894,
        474.2533923057519,
        477.60729652710864,
        443.2731178419812,
        410.2531079492999,
        393.7799686273798,
        360.84946804879377,
        374.84750440289883,
        347.8294767126394,
        342.7824030985304,
        301.3526032419917,
        296.8841262469967,
        287.7255106843832,
        259.8535634834927,
        263.070964669482,
        240.08353558710184,
        232.96262237788622,
        228.64532300459604,
        219.11772872201263,
        203.1817380485397,
        201.4718320863846,
        201.73950843026122,
        187.23943946902983,
        170.5187329547106,
        173.72656280730592,
        166.71159699298312
      ]
    },
    {
      "hod": [
        11.75,
        12.448970004336019,
        1.0,
        0.333,
        0.33
      ],
      "nobj": 13924500,
      "fsat": 0.024632769578800007,
      "wp": [
        36.03846958418744,
        30.901180611994747,
        26.529923489891097,
        22.632891080895266,
        19.285948714196348,
        16.36882613633393,
        13.717891260976383,
        11.274729335825857,
        9.070421995169294,
        7.115036867151042,
        5.393238616256158,
        3.894041761670466,
        2.6665393339099452,
        1.7410704644490056,
        1.103299425683278,
        0.6206313086591428
      ],